,uu,x,y
AB,196.6590356,-34.2268477,52.41275615
ABa,367.8017853,-103.4094606,54.89103815
ABal,435.8517824,-130.4990498,47.09200165
ABala,482.0539864,-142.1583069,57.75492875
ABalaa,505.357234,-150.8165997,55.94960565
ABalaaa,528.84709,-158.3351407,57.16130965
ABalaaaa,509.9663482,-152.5352386,55.52623825
ABalaaaal,524.256565,-160.3110801,46.34622785
ABalaaaala,527.671546,-162.4113206,42.82704445
ABalaaaalp,469.6666076,-145.1160895,35.93644895
ABalaaaar,558.3491437,-169.1640597,54.50487605
ABalaaaarl,549.3771578,-167.3799733,50.63816815
ABalaaaarr,532.9188333,-158.9982333,59.11877475
ABalaaap,469.7027161,-136.125406,61.83379635
ABalaaapa,544.890356,-164.1197652,56.10275725
ABalaaapal,545.3659148,-167.47832,45.67671325
ABalaaapar,578.0270266,-175.3040258,55.86994255
ABalaaapp,497.7458936,-145.5687999,62.54715415
ABalaaappl,568.4352994,-169.8069496,62.48494185
ABalaaappr,521.8841373,-151.6570921,67.79582065
ABalaap,426.4294532,-126.6533603,48.81988285
ABalaapa,416.474475,-118.401811,59.62608985
ABalaapaa,501.252932,-146.3474435,63.55965155
ABalaapaaa,498.7168672,-145.4222056,63.66189055
ABalaapaap,432.9077269,-120.2295003,67.33037275
ABalaapap,439.7422414,-122.110166,68.42450445
ABalaapapp,385.2798321,-98.9161914,72.49661515
ABalaapp,312.9799683,-79.3765164,60.20326545
ABalaappa,451.8693037,-126.6043181,68.26199845
ABalaappap,446.5346285,-123.1743951,70.92827955
ABalaappp,392.6038126,-103.7170384,69.71510305
ABalaapppa,488.6169355,-138.6153297,70.53984205
ABalaapppp,440.069339,-119.0294348,73.85091565
ABalap,442.8968186,-124.2904114,66.53429965
ABalapa,474.9783319,-136.1866124,65.66363565
ABalapaa,474.2446338,-138.1987436,60.73754415
ABalapaaa,501.6141542,-151.4159951,50.66857355
ABalapaaaa,534.4297344,-163.1951216,48.02308235
ABalapaaap,489.8243972,-149.0198734,45.85695375
ABalapaap,447.1338868,-134.8127366,45.63485365
ABalapaapa,489.6748301,-150.2954136,41.30651145
ABalapaapp,430.6675808,-131.5035334,38.72109475
ABalapap,393.2648105,-106.677127,65.49841425
ABalapapa,416.7044792,-121.7556976,52.62343765
ABalapapap,434.2309271,-128.9512935,49.76275185
ABalapapp,311.2187529,-85.3309315,50.32205655
ABalapappa,366.6359964,-108.3959105,43.24486165
ABalapappp,276.5385945,-76.3984804,43.72261745
ABalapp,349.517355,-94.8743617,58.10759485
ABalappa,372.0358882,-100.0315419,63.38475205
ABalappaa,502.7018531,-148.791703,58.87121225
ABalappaap,521.8171765,-155.5799374,58.17171925
ABalappap,439.6605838,-124.7534205,63.42013605
ABalappapa,536.8839556,-157.1437826,67.16467475
ABalappapp,492.6701329,-140.0229625,70.61613665
ABalappp,260.7328908,-56.2277913,61.04437525
ABalapppa,364.9602594,-95.9599872,65.47714345
ABalapppaa,479.8149984,-138.6991131,63.94501865
ABalapppap,418.5751036,-114.9994153,67.28390855
ABalapppp,273.1258846,-55.5979183,66.83714305
ABalappppa,371.2451082,-94.2978615,71.22005165
ABalappppp,299.8709724,-62.8666055,71.82516405
ABalp,369.0641584,-110.7704994,39.12400815
ABalpa,442.880333,-135.0194259,40.53633525
ABalpaa,486.9195913,-148.5372099,44.26066485
ABalpaaa,515.9173156,-156.714735,49.08380415
ABalpaaaa,487.5670469,-147.0132936,49.73256425
ABalpaaaaa,462.0481604,-139.4882755,46.62540905
ABalpaaaap,384.273584,-112.9179484,47.02392815
ABalpaaap,422.7954476,-126.9256882,44.73967165
ABalpaaapa,365.1190451,-107.7674429,43.51435955
ABalpaaapp,302.351223,-85.7993089,43.59911085
ABalpaap,458.1212799,-138.7234945,44.95093265
ABalpaapa,498.0838995,-151.5209983,46.66811985
ABalpaapaa,504.5815612,-152.929355,49.08405335
ABalpaapap,423.1219365,-127.437937,43.58123345
ABalpaapp,398.7025416,-120.209489,40.69484835
ABalpaappa,449.7302142,-137.9894961,38.10307745
ABalpaappp,370.1910392,-112.1580814,36.13533165
ABalpap,361.5753196,-109.9091855,34.15214955
ABalpapa,447.8977595,-137.2000441,38.76124375
ABalpapaa,427.8281761,-129.9564497,40.70431705
ABalpapaaa,374.0401667,-112.7385083,38.28152235
ABalpapaap,299.154029,-87.0535502,38.59053725
ABalpapap,334.6363371,-98.837033,39.71569985
ABalpapapa,252.7563308,-73.0037714,33.81464865
ABalpapapp,175.7634131,-45.0685567,33.14993165
ABalpapp,308.4436699,-91.8556336,34.66967595
ABalpappa,312.7735993,-90.1052796,42.34405375
ABalpappaa,299.2263686,-85.0488779,42.87918365
ABalpappap,229.019508,-58.8403205,43.03610325
ABalpappp,223.9680006,-57.159782,42.60514785
ABalpapppa,239.8463351,-62.4625526,43.89827705
ABalpapppp,165.207633,-30.5376963,42.81197395
ABalpp,278.9891733,-80.2961928,37.93219715
ABalppa,340.7696857,-101.5863253,38.02679955
ABalppaa,445.1764099,-136.4696246,38.15861655
ABalppaaa,445.2585022,-136.5287842,38.04386815
ABalppaaap,452.9419316,-140.2800359,33.28964015
ABalppaap,380.6569751,-116.450516,33.47670455
ABalppaapp,351.8736079,-108.4705332,27.91468115
ABalppap,344.0139088,-103.3990819,36.04917525
ABalppapa,326.9637982,-97.9444766,35.19451095
ABalppapaa,363.8506666,-111.6704941,30.71383165
ABalppapap,291.2078764,-87.3247287,31.09073075
ABalppapp,232.2215891,-65.1206184,34.97483375
ABalppappa,252.5306653,-75.0181892,28.87384905
ABalppappp,171.1090057,-46.9635172,27.58512705
ABalppp,199.7760245,-53.9579939,33.64981335
ABalpppa,309.2058791,-89.3812277,41.20849175
ABalpppaa,387.9752538,-117.3622262,38.43772255
ABalpppaaa,422.9286999,-131.2774197,29.82324555
ABalpppaap,387.0385757,-119.683037,29.21931495
ABalpppap,303.7416225,-90.0973547,35.07499175
ABalpppapa,347.4875499,-107.3227378,26.76040795
ABalpppapp,287.1633355,-87.5120097,26.39838555
ABalpppp,195.1404687,-48.4225932,38.90428165
ABalppppa,273.8456264,-76.6924322,41.43055635
ABalppppaa,347.7759316,-105.1511553,34.60981145
ABalppppap,285.3876573,-84.4635056,33.43849565
ABalppppp,177.3827962,-39.8321061,40.01799035
ABalpppppa,231.742611,-67.0897815,30.66559445
ABalpppppp,152.4087515,-38.2901337,29.78921675
ABar,300.7268941,-67.5987136,67.77583525
ABara,261.2546942,-55.42652,61.99579415
ABaraa,338.9182959,-90.0234986,59.44820765
ABaraaa,414.7545334,-115.731855,63.52591435
ABaraaaa,462.5584346,-134.4215644,60.07956745
ABaraaaaa,514.6856157,-153.5874485,57.01760435
ABaraaaaaa,519.704412,-156.2432292,54.35221195
ABaraaaaap,471.662397,-137.3639895,60.59367735
ABaraaaap,443.0793187,-128.8985549,57.24041085
ABaraaaapa,491.4271011,-145.4596677,57.53791165
ABaraaap,374.0448515,-99.03888,66.08404915
ABaraaapa,436.4992375,-124.7870834,61.09884995
ABaraaapaa,473.0928621,-139.5455205,56.60774235
ABaraaapap,394.7993183,-112.1111188,56.77742055
ABaraaapp,365.4548353,-96.7459434,64.59411535
ABaraaappa,420.4122565,-118.2396335,62.67016955
ABaraaappp,362.4920431,-95.2206289,65.16658755
ABaraap,285.8010053,-72.606065,54.81330125
ABaraapa,365.8269741,-102.0305333,56.12059295
ABaraapaa,422.6868568,-124.8138855,50.23902935
ABaraapaaa,455.9678948,-135.9786231,50.74612425
ABaraapaap,383.6929297,-111.4300258,49.99880785
ABaraapap,331.2939106,-92.7522904,50.17554705
ABaraapapa,328.5461879,-93.309913,47.22427225
ABaraapapp,263.374148,-68.2686141,48.65835655
ABaraapp,244.6674567,-55.946627,54.17822695
ABaraappa,315.0586191,-83.872049,54.98014175
ABaraappaa,422.1124944,-120.819172,58.78801405
ABaraappap,347.4599995,-94.2894543,57.80872245
ABaraappp,230.119166,-48.7962026,54.62944925
ABaraapppa,290.1951607,-71.7527257,58.17328105
ABaraapppp,232.6988754,-44.6910013,59.06887105
ABarap,229.5949676,-31.9488964,65.72897085
ABarapa,293.2946992,-61.3710531,70.35213195
ABarapaa,325.431814,-77.3485659,68.90360665
ABarapaaa,369.1517905,-102.2177223,57.95587465
ABarapaaaa,349.2401203,-96.5462081,55.10752095
ABarapaaap,295.3956355,-76.227671,55.04984045
ABarapaap,300.893081,-75.8154626,58.52602655
ABarapaapa,337.4789621,-91.4588809,56.34669825
ABarapaapp,274.339872,-67.089128,55.89920255
ABarapap,240.2952329,-36.9998855,66.94382635
ABarapapa,255.6800873,-53.9395045,60.94365745
ABarapapaa,264.7568664,-62.0039687,57.07659455
ABarapapap,205.4410846,-35.6836792,54.80000815
ABarapapp,199.6027044,-23.5649237,59.00386365
ABarapappa,229.587889,-46.7769137,56.14820215
ABarapappp,182.6121201,-16.2046575,55.82280425
ABarapp,197.3098817,-9.3434343,62.10679855
ABarappa,223.7789042,-18.5851951,68.76373485
ABarappaa,270.5701814,-56.1416491,65.31201305
ABarappaaa,280.4167913,-61.4475075,64.74141565
ABarappaap,228.9559383,-35.1346038,63.85060155
ABarappap,218.4018108,-22.5050194,65.77597435
ABarappapa,239.7050134,-32.2141865,69.16652915
ABarappapp,211.5263924,-2.4403538,67.28670305
ABarappp,213.9157301,13.0175108,66.83558675
ABarapppa,273.6340604,-51.872634,69.96938015
ABarapppaa,352.5361248,-88.117003,69.48211775
ABarapppap,294.9270545,-63.7856323,68.88039645
ABarapppp,232.3772332,-19.9581955,71.22451205
ABarappppa,285.6480626,-55.2425398,72.21873095
ABarappppp,253.2762269,-29.3300544,75.09583895
ABarp,249.2786419,-21.784486,76.29887575
ABarpa,298.4902281,-55.9442415,76.79580845
ABarpaa,359.2314486,-85.6103972,75.80289145
ABarpaaa,394.7836493,-102.3295589,72.93823605
ABarpaaaa,426.5958006,-122.0460487,59.52809385
ABarpaaaaa,470.4506764,-136.9522012,60.57134565
ABarpaaaap,402.1851263,-115.6246761,54.95386345
ABarpaaap,352.4362756,-94.0439167,61.16355565
ABarpaaapa,386.041635,-106.4258348,61.42678265
ABarpaap,306.89644,-63.0852835,74.58703465
ABarpaapa,287.6486295,-66.2620192,63.18888545
ABarpaapp,211.532707,-18.8955749,64.62726715
ABarpap,248.1363936,-41.368409,67.28424185
ABarpapa,294.6826708,-60.8846294,71.35529645
ABarpapaa,379.3355915,-97.1043806,71.76629245
ABarpapaaa,434.7780072,-118.4055587,71.64538435
ABarpapaap,368.1881459,-91.401847,73.35568425
ABarpapap,304.1827279,-64.157346,72.51753915
ABarpapp,228.4613539,-15.6062896,71.02718765
ABarpappa,273.7206495,-42.3118943,76.16423065
ABarpappp,239.3331041,-10.7254698,75.42330945
ABarpapppp,265.474205,3.2906219,84.43896985
ABarpp,249.1688365,19.9065054,76.77413485
ABarppa,255.489433,-25.4741015,77.23208695
ABarppaa,240.3906822,-28.3812251,71.06069385
ABarppaaa,174.8105314,-8.2723149,55.02558205
ABarppaaap,165.9639941,25.6135069,46.20328715
ABarppaap,186.6987628,27.7036411,52.57568655
ABarppaapp,264.0675863,72.5476909,42.45150085
ABarppap,206.4731393,11.5350335,64.70225895
ABarppapa,222.0884451,52.8465975,46.95455235
ABarppapaa,181.2660831,46.1610392,34.61659135
ABarppapap,277.5336008,81.9583528,32.97093265
ABarppapp,339.2991498,97.8467764,45.72198035
ABarppappa,363.7258518,109.7708342,36.80762765
ABarppappp,476.7388135,146.9593386,37.83148035
ABarppp,252.1157438,27.7179171,75.31221305
ABarpppa,237.8266148,22.0362947,72.42430335
ABarpppaa,225.595646,9.7124345,71.14947425
ABarpppaap,265.5314931,28.9143255,79.42173395
ABarpppap,257.7338183,42.5539717,70.13981395
ABarpppapp,327.028992,72.7699157,74.43543125
ABarpppp,301.7127015,67.2335013,68.57827505
ABarppppa,312.8346357,68.4310354,72.33977215
ABarppppaa,299.9348026,50.4950672,81.02587005
ABarppppap,369.5236288,85.0466648,81.25417305
ABarppppp,407.4617743,109.2999671,69.82389695
ABarpppppa,426.5886347,112.5803149,75.92025555
ABarpppppp,523.4094887,151.0471927,70.30251075
ABp,210.3363272,8.8412422,66.36580795
ABpl,173.3036563,1.1968107,55.15128295
ABpla,283.1202848,-69.5476707,57.31259295
ABplaa,350.112787,-94.7666155,58.64413245
ABplaaa,399.7017418,-111.05904,62.07344145
ABplaaaa,450.9572378,-131.8883076,56.66036065
ABplaaaaa,410.5057375,-121.4548103,48.19610275
ABplaaaaaa,414.1796072,-123.2779117,46.72979035
ABplaaaaap,336.8055694,-96.6031879,46.49188815
ABplaaaap,329.4347105,-92.004235,50.31230455
ABplaaap,332.3654478,-87.4382088,59.55825425
ABplaaapa,259.873711,-66.3981514,49.33503145
ABplaaapp,182.958431,-32.5262522,48.30783255
ABplaaappp,122.9208175,-0.3898951,39.12496875
ABplaap,287.6244697,-76.5615482,50.20370065
ABplaapa,356.7731818,-103.6894743,46.31817015
ABplaapaa,322.6888849,-94.8207767,39.48929365
ABplaapaaa,383.9884166,-116.1520965,38.05529645
ABplaapaap,299.4353682,-88.0768155,36.42921775
ABplaapap,216.4965277,-56.8295548,38.97949735
ABplaapapa,250.2217409,-73.2355836,31.31072945
ABplaapapp,186.0271774,-48.758219,33.60012175
ABplaapp,224.3401178,-55.0462423,45.48904515
ABplaappa,153.9029146,-34.3132505,34.96434255
ABplaappp,109.0836062,3.8739589,34.50560575
ABplap,198.4586741,-24.6570607,58.16055215
ABplapa,256.1454308,-50.5207818,63.99517385
ABplapaa,252.5679293,-55.3513733,58.30574935
ABplapaaa,138.9189434,-14.2829614,41.84902775
ABplapaaaa,128.1624439,-5.6738441,40.39888545
ABplapaaap,136.3297293,19.6159481,38.70851765
ABplapaap,150.3264941,22.7088785,42.11850545
ABplapaapa,151.8752701,33.0314079,35.29887265
ABplapap,182.1633239,-13.552947,56.37824715
ABplapapa,208.322376,51.6451889,41.59245975
ABplapapaa,377.2454757,114.3932707,36.51872995
ABplapapp,315.0765347,91.6559001,40.71457245
ABplapappp,501.1064256,154.4409564,39.88126485
ABplapp,162.961806,-11.9052277,50.48768815
ABplappa,142.1362189,-8.3526667,44.46565995
ABplappaa,169.5974388,41.3324871,34.72688045
ABplappap,265.547422,77.1691628,34.49097685
ABplappapa,306.7062869,91.3364997,34.47898715
ABplappp,183.6123835,40.8217113,41.82678995
ABplapppa,318.9449546,95.4839425,34.49353135
ABplapppaa,350.6062442,105.8016886,35.50891005
ABplapppap,408.4911019,124.1982485,38.49353695
ABplapppp,396.1927779,120.8964253,35.89304355
ABplappppp,488.5815125,149.2327223,43.77403655
ABplp,125.8915329,4.0314859,39.86921045
ABplpa,116.4205075,-14.3469562,34.16789835
ABplpaa,143.5212195,-29.9673379,34.48197925
ABplpaaa,286.9274249,-85.6963416,31.58546025
ABplpaaaa,300.5421916,-89.9987834,32.43634685
ABplpaaaaa,291.6567777,-87.8475723,30.02592835
ABplpaaaap,214.2513465,-62.5396407,27.19934605
ABplpaaap,205.0584072,-57.9588687,30.02030915
ABplpaaapa,204.7839991,-60.4606931,24.36306665
ABplpaaapp,144.0765657,-39.1247851,23.92659765
ABplpaap,182.7343482,-48.4905423,32.12426285
ABplpaapa,208.7087562,-59.4527361,29.64551495
ABplpaapaa,263.7375814,-79.4947788,26.98572905
ABplpaapap,189.8191423,-55.5136671,23.85303785
ABplpaapp,115.6898174,-21.9143261,29.59490825
ABplpaappa,125.388571,-32.4189746,23.28114035
ABplpaappp,78.38589933,-11.1047051,22.34364025
ABplpap,117.4176367,21.8111792,30.35090825
ABplpapa,149.5881587,-38.5193099,27.99085755
ABplpapaa,171.5683559,-43.6712853,32.79144525
ABplpapaaa,155.6136357,-37.5559966,32.29707015
ABplpapaap,103.8332902,-12.9056529,30.42734765
ABplpapap,119.5180886,-18.4282654,33.28256195
ABplpapapa,94.9022581,-4.4121779,29.88437225
ABplpapapp,127.4136684,23.1655798,33.29006785
ABplpapp,91.98173542,7.7092581,28.24551935
ABplpappa,112.1476754,0.0825973,35.69761825
ABplpappaa,128.4620107,-12.4027749,38.96437875
ABplpappp,160.7738492,35.5064121,36.85468785
ABplpapppa,172.9890807,36.7847907,40.97484705
ABplpapppp,257.2571174,68.8434051,44.34124005
ABplpp,192.5867442,47.1027271,39.23392345
ABplppa,155.7742156,27.6851091,41.13580775
ABplppaa,114.8224613,-15.9427453,32.88871205
ABplppaaa,104.3931508,-12.547147,30.76946965
ABplppaaaa,121.1171668,-22.6374703,31.20677295
ABplppaap,117.7341383,17.3696958,33.20752565
ABplppaapa,100.5706957,14.385846,28.59819895
ABplppaapp,160.8523563,41.1465383,30.47120045
ABplppap,128.6597227,22.398503,34.28570355
ABplppapa,137.8754641,29.3445893,32.63394965
ABplppapaa,93.18670072,9.8208034,27.98929765
ABplppapap,148.7102488,38.9826281,26.85230245
ABplppapp,226.8553653,64.1232539,33.20446555
ABplppappa,203.7888423,57.4356018,30.14978415
ABplppappp,282.6991399,84.1934884,31.76356875
ABplppp,257.0528,73.8109099,35.31094015
ABplpppa,164.5241507,42.7405904,30.26257765
ABplpppaa,200.7899849,55.2496698,32.13100445
ABplpppaaa,221.8023984,63.0833821,31.70354315
ABplpppaap,305.1025797,91.2025531,33.37421935
ABplpppap,299.4256752,89.3333,33.22027545
ABplpppapa,369.5087508,110.8818455,39.23363485
ABplpppp,259.1649206,75.9738777,32.14583545
ABplppppa,217.0043122,59.2776253,35.46076675
ABplppppaa,196.2449688,50.9866309,36.08952465
ABplppppap,272.3554626,77.5597723,38.73284935
ABplppppp,298.3611493,86.7767636,38.59199115
ABplpppppa,317.3932183,90.4478962,45.01241575
ABplpppppp,388.1541162,114.6711761,45.99932035
ABpr,279.4382459,61.5336284,64.22889925
ABpra,274.4834652,50.397393,71.37057915
ABpraa,248.7445669,22.5730097,75.89197535
ABpraaa,257.4515415,-17.0007651,80.16653525
ABpraaaa,291.5007261,-49.7690861,78.31072665
ABpraaaaa,390.794374,-98.66248,75.75955915
ABpraaaaaa,432.779775,-111.9017004,80.34487105
ABpraaaaap,401.4789648,-96.6171627,83.64577245
ABpraaaap,332.6130062,-71.0018019,78.53693225
ABpraaaapa,378.8980422,-88.3186582,82.13319245
ABpraaaapp,345.3137802,-68.7798578,85.73815895
ABpraaap,258.4161969,-13.980418,81.05965845
ABpraaapa,348.3871912,-79.7446201,77.06176695
ABpraaapaa,397.038912,-100.916544,76.07964355
ABpraaapap,359.206472,-82.1452132,79.53341615
ABpraaapp,276.7308949,-41.5483837,77.67178935
ABpraaappa,320.3901773,-63.6172244,79.70856075
ABpraaappp,282.7414109,-37.4402263,81.84203685
ABpraap,252.2460036,31.4022335,73.89701415
ABpraapa,258.8506994,11.2721139,81.62004705
ABpraapaa,288.7633865,-44.4404007,80.45897145
ABpraapaaa,420.1594634,-108.394328,78.34092755
ABpraapaap,352.6574787,-77.6927248,81.02396115
ABpraapap,253.6371213,-7.9453097,80.34329525
ABpraapapa,322.4051172,-58.7268777,84.16050325
ABpraapapp,284.3213422,-34.2144272,83.78566825
ABpraapp,293.670707,51.2266357,78.19221425
ABpraappa,258.0947738,10.5733941,81.47086875
ABpraappp,293.3719056,49.6666239,79.07998725
ABprap,361.3453454,87.5161167,74.63566665
ABprapa,314.0763294,62.3721901,78.13085645
ABprapaa,289.7340834,44.6289424,80.70780185
ABprapaaa,266.5725198,28.3668399,79.97060545
ABprapaaaa,251.5180114,12.0922173,79.14220805
ABprapaaap,266.5171595,35.6573415,76.97752365
ABprapaap,318.3170954,64.3439097,78.27073885
ABprapaapa,288.7254466,49.2625999,77.58589835
ABprapap,375.4234665,89.6934538,78.96564795
ABprapapa,406.7111529,103.5636503,77.68210055
ABprapapaa,453.6333633,124.4832966,73.17177825
ABprapapp,488.2977565,137.9998998,71.51582745
ABprapappp,563.7614606,167.1086841,65.40102415
ABprapp,421.6059546,112.971013,72.43998065
ABprappa,425.447042,112.4824922,75.41451185
ABprappaa,365.1302177,86.1144775,78.05411365
ABprappap,444.474506,120.5074654,74.12637375
ABprappapa,412.2791706,105.1735918,78.48881485
ABprappp,494.4944445,142.1049822,67.68834245
ABprapppa,476.6848067,134.0864101,71.02031805
ABprapppaa,432.2971191,119.4250763,68.35667435
ABprapppap,477.9784122,137.4878774,65.15567415
ABprapppp,516.9566843,151.0397013,65.30320555
ABprappppp,532.0165504,159.1501843,57.87339435
ABprp,347.6245081,95.4460773,55.98197675
ABprpa,306.5213334,76.3515189,60.74628045
ABprpaa,327.0531697,75.3595221,71.82366465
ABprpaaa,249.1248673,22.1372972,76.14628625
ABprpaaaa,282.1143798,-49.0429918,75.22491835
ABprpaaaaa,332.6009547,-75.0838199,74.63855115
ABprpaaaap,289.9845254,-49.267541,78.05710465
ABprpaaap,251.1611825,-14.2436665,78.66800335
ABprpaaapa,282.8892496,-43.3792999,78.90879905
ABprpaaapp,258.5828941,-20.0569533,79.82838485
ABprpaap,306.1179795,60.9745345,76.00482645
ABprpaapa,253.8927611,-13.022298,79.76050835
ABprpaapaa,322.7654783,-63.1605124,81.03173915
ABprpaapap,292.1700613,-38.3300015,84.73444465
ABprpaapp,259.3637384,21.7418327,79.64372555
ABprpaappa,268.4278387,-16.7633843,83.78266715
ABprpaappp,264.5791809,4.7646758,84.08327925
ABprpap,400.3016151,111.604831,61.48339855
ABprpapa,299.0746879,65.3590342,69.21659985
ABprpapaa,220.6304276,3.0522047,70.16248925
ABprpapaaa,227.1762491,-16.966767,70.29380245
ABprpapaap,227.8931986,8.5302716,72.03736215
ABprpapap,226.6538645,24.8551108,67.72955565
ABprpapapa,222.4171604,19.8181295,67.96719225
ABprpapapp,254.8528314,47.0765961,66.06513075
ABprpapp,378.4443042,102.7343102,62.90382095
ABprpappa,224.7680197,32.2265597,63.87693005
ABprpappaa,190.5370591,-3.1585902,60.56752545
ABprpappap,196.9174249,25.8706017,57.09281945
ABprpappp,286.1091128,64.9034999,63.88683865
ABprpapppa,249.3286114,53.2469102,58.85043125
ABprpapppp,319.2606014,85.3790621,55.11636455
ABprpp,471.3881729,137.4811048,60.10992245
ABprppa,504.3184819,144.1974711,70.54664065
ABprppaa,373.8793642,91.7902252,75.74836725
ABprppaaa,245.7842337,22.504136,74.92906895
ABprppaaaa,235.7027783,-11.5540626,74.13152515
ABprppaap,280.2214531,51.6586226,72.71545705
ABprppaapa,247.808195,32.7527635,71.75847735
ABprppaapp,287.0946676,59.4008099,69.44620205
ABprppap,441.7909335,121.5759048,70.67594975
ABprppapa,308.44694,64.5303979,73.99645935
ABprppapaa,248.5468417,25.4778481,74.90026255
ABprppapap,288.2398974,53.7743719,74.33913955
ABprppapp,376.0520981,95.2772125,72.46106715
ABprppappa,325.8623477,72.902942,73.78400625
ABprppappp,389.6330624,100.4422557,72.75520375
ABprppp,521.5093198,155.4395137,58.26731125
ABprpppa,507.1232202,146.9085026,66.89590375
ABprpppaa,395.1428363,103.083642,72.06827075
ABprpppaaa,345.1016246,85.1372536,69.41547175
ABprpppaap,416.5979909,114.4593246,66.96079575
ABprpppap,464.6199531,131.6256603,67.43190485
ABprpppapa,446.4243208,127.4207557,62.90249045
ABprpppp,494.9339275,146.8288066,57.10426795
ABprppppa,360.2943392,94.0955158,65.56478095
ABprppppaa,303.1871555,70.0127295,66.42220465
ABprppppap,362.4687959,95.7624605,64.35445485
ABprppppp,411.1340189,116.0438637,60.50009155
ABprpppppa,382.3751654,107.2376067,57.57033695
ABprpppppp,446.0738276,131.3584201,53.90772685
C,390.150399,107.2848199,62.55244085
Ca,244.2761707,49.816121,59.70154935
Caa,222.2117985,30.0146078,64.04817855
Caaa,219.8917755,35.1469764,60.52942865
Caaaa,341.2611354,95.1750383,52.35926165
Caaap,462.9798855,138.983146,49.00937435
Caap,346.3960514,97.3552955,51.76386775
Caapa,542.1954521,165.2064373,49.92814905
Caapp,532.8284539,163.0702595,46.62401495
Cap,324.3754711,88.0105524,53.99167995
Capa,319.9463556,92.240341,43.16862735
Capaa,292.6505063,81.9302151,44.32858685
Capaaa,210.9036921,54.8550668,38.70045365
Capaap,279.4803497,77.593314,43.51322665
Capap,387.2423099,114.1526055,46.50767175
Capapa,310.0710815,90.4116813,39.58736445
Capapp,365.129876,107.9130467,43.16129005
Capp,420.3824145,126.4003943,43.91536355
Cappa,410.4229595,123.8363917,41.61487825
Cappaa,313.6338736,91.1748033,40.66614975
Cappap,389.7487419,117.277946,40.45966825
Cappp,469.1365549,142.0654468,46.01192965
Capppa,439.3894346,133.4554369,41.84525855
Capppp,438.5545239,131.3288232,47.32705975
Cp,430.2753437,120.810888,64.52144055
Cpa,418.0202544,113.7161825,69.09115725
Cpaa,407.5050569,108.9669477,70.36787405
Cpaaa,357.8184378,94.2375877,63.96746815
Cpaap,500.2048024,146.9085816,61.39152735
Cpap,482.0604711,142.4522911,57.03151965
Cpapa,569.2060193,171.1250902,59.52991085
Cpapp,574.1997738,175.3040258,51.71690165
Cpp,523.1271729,157.5105011,54.02040125
Cppa,550.2997358,165.5141734,57.34223665
Cppaa,350.1675223,94.7523423,58.70028075
Cppaaa,296.9250914,67.391424,66.26709945
Cppaap,333.4681635,87.9599927,59.41429335
Cppap,421.0625839,122.3850518,54.63978945
Cppapa,370.5409734,98.749715,64.49770855
Cppapp,403.0982554,114.8316561,57.24672795
Cppp,507.6518399,155.014218,45.63018765
Cpppa,482.237768,141.292106,59.99260655
Cpppaa,373.0513075,96.6217152,69.02780225
Cpppap,447.7335552,127.3511237,63.97715575
Cpppp,501.683098,150.574139,53.18406795
Cppppa,490.0678834,143.414418,61.36987725
Cppppp,474.8706939,141.30139,53.68486345
D,523.2329143,159.3729049,48.36578785
Da,375.9101246,114.5995426,34.41629535
Daa,231.8276705,62.5625939,39.13226945
Daaa,120.766458,20.325365,32.62824125
Daap,180.1758549,45.4945022,34.92097035
Dap,364.9718023,108.172577,42.36888865
Dapa,194.3143365,51.448742,34.33246885
Dapp,287.8976952,82.4270533,40.04741675
Dappa,194.562946,56.8678955,24.52609875
Dappp,338.4719301,104.2562355,27.17206645
Dp,474.2795926,143.7515238,46.11725435
Dpa,324.426382,84.9055511,58.78225055
Dpaa,253.6394345,24.8154145,76.82764565
Dpap,259.361504,46.1499669,68.45358595
Dpp,420.5916985,122.7859164,53.35794545
Dppa,293.5249202,55.6465195,75.05319315
Dppp,348.0028461,86.8688419,68.73431195
Dpppa,314.0196943,54.7036941,83.65776985
Dpppp,406.5498951,101.2461272,80.59697515
E,297.2317943,85.2339657,41.06783795
Ea,188.9495615,44.1120604,40.88384305
Eal,143.6606806,14.6400601,43.32175965
Eala,184.804427,-30.4705115,50.31836155
Ealaa,202.2702713,-38.8863846,51.31500065
Ealap,167.0796809,10.4184477,52.15265655
Ealp,156.7664875,18.4457412,46.36590175
Ealpp,195.5784811,38.885612,48.61625165
Ear,200.0276728,25.8830251,58.17248465
Eara,207.8520048,-18.8000424,63.43407895
Earaa,218.05477,-32.9474271,61.09070965
Earap,198.5799469,12.1694214,62.02744765
Earp,214.7508326,29.5919079,61.62013665
Earpp,236.8051266,47.947974,58.16138035
EMS,173.5867742,38.4723228,39.66015115
Ep,366.2433467,107.3271885,45.51383755
Epl,271.0373362,72.7568026,46.36407255
Epla,239.4987719,56.3259655,51.37250655
Eplaa,220.2206608,46.3258113,52.60899905
Eplap,309.6207132,84.2257028,51.17797225
Eplp,372.6448577,107.5814922,49.96105115
Eplpa,379.2625503,108.473119,52.98707225
Eplpp,433.3449089,128.0271831,51.34124635
Epr,354.8678112,97.2321835,57.49258235
Epra,286.9383218,66.0695612,63.06307115
Epraa,241.4772764,42.1569732,64.27252145
Eprap,321.4295681,82.4698767,60.55507285
Eprp,408.9284323,116.1398063,58.77689385
Eprpa,372.6482685,103.2515355,58.38888655
Eprpp,431.9609439,125.6777056,55.77329125
MS,138.8131922,-16.5328261,40.97601635
MSa,207.299225,-53.3687938,38.80520455
MSaa,287.7593481,-83.0720558,38.58729045
MSaaa,327.1973248,-95.1187579,42.42256745
MSaaaa,394.7411314,-115.3735804,49.76806815
MSaaaaa,461.2117303,-137.1108008,52.47181685
MSaaaaaa,512.6429551,-153.9340549,54.14607505
MSaaaaap,441.6699585,-130.4378328,52.44934125
MSaaaap,355.9323059,-100.8283782,51.67007495
MSaaaapa,387.4504514,-111.361872,52.99671635
MSaaaapp,294.7216027,-77.677178,52.60320735
MSaaap,252.423447,-65.4522342,46.60415585
MSaaapa,311.6284846,-85.2942842,50.64009795
MSaaapaa,352.0928691,-100.5762846,49.44831795
MSaaapap,269.2864771,-69.2854169,50.46640055
MSaaapp,222.9923943,-48.8803776,51.46810795
MSaap,159.7997022,-36.1104894,35.82408005
MSaapa,176.6492802,-40.6913511,38.80642035
MSaapaa,200.1810889,-45.2119609,44.90065165
MSaapaaa,221.4855094,-54.5977787,44.60355825
MSaapaap,172.3536574,-29.1861101,46.45423655
MSaapap,140.9285997,-5.2779357,44.54739355
MSaapapa,160.4883724,-23.311534,45.45605835
MSaapapp,140.7409306,4.4666219,44.57600545
MSaapp,129.1272153,12.4169198,39.18205045
MSaappa,147.0260116,12.1414083,45.19746205
MSaappp,169.6438917,33.7960711,42.11594695
MSaapppa,144.5492107,18.457741,42.14694135
MSaapppp,205.552438,51.7124892,40.08517595
MSap,132.2639236,-27.2199487,32.11792945
MSapa,152.3529306,-36.9657969,31.39009315
MSapaa,235.033347,-63.0531131,40.26605795
MSapaaa,370.2327026,-110.8831954,39.91541065
MSapaaaa,443.0566204,-134.8349749,41.33755775
MSapaap,260.8178572,-72.8109851,39.88772605
MSapaapp,228.7173064,-59.7974456,41.52757355
MSapap,136.9735088,-20.5851874,38.43451545
MSapapa,215.915916,-57.6738603,37.38030605
MSapapaa,298.4279297,-87.3799222,37.26037725
MSapapp,147.3814995,-26.05993,39.00908255
MSapp,122.7515492,23.5789137,31.15664665
MSappa,124.6336203,5.3185586,39.31398635
MSappaa,148.9220465,-28.3203675,38.01361985
MSappap,117.7393243,3.8836598,37.27582335
MSappp,165.7999502,35.6830195,38.88448675
MSapppa,110.4592175,-10.1451816,33.66480715
MSapppp,137.0248544,23.2489821,36.90355265
MSp,154.1790133,14.074309,47.01528175
MSpa,162.8054968,-26.0656336,44.79022805
MSpaa,182.6364403,-30.3830698,49.56355005
MSpaaa,261.9404311,-60.7986888,57.05653755
MSpaaaa,395.8907115,-110.4785638,60.61766145
MSpaaaaa,471.6104158,-136.6030416,62.25030395
MSpaaaap,386.8015311,-106.8047093,61.25329355
MSpaaap,302.239429,-73.1789607,62.45314505
MSpaaapa,349.4160959,-91.4793195,63.26136535
MSpaaapp,274.5917152,-62.5154325,61.08600295
MSpaap,175.7409899,-18.5753425,52.76600065
MSpaapa,270.9433881,-61.1691269,60.79768405
MSpaapaa,336.0077855,-86.2239332,63.28285545
MSpaapap,268.8493938,-56.8171022,63.99462245
MSpap,144.4830809,22.9710604,39.84277395
MSpapa,151.8537446,5.8264888,47.98410065
MSpapaa,175.6480256,-17.9559495,52.94873205
MSpapaaa,204.6456588,-36.7095189,53.81195735
MSpapaap,178.5751484,-10.7442484,55.81756735
MSpapap,174.6172873,17.6187713,52.71606085
MSpapapa,171.3950805,-5.4434931,54.28450235
MSpapapp,178.9753195,19.6248737,53.48271875
MSpapp,223.7600742,54.5588572,45.78578335
MSpappa,194.2657806,34.3756973,51.40127615
MSpappp,243.3916746,56.4013835,53.11403705
MSpp,203.2649641,42.3786137,48.89074085
MSppa,229.537994,47.6550783,55.38386675
MSppaa,202.4345984,-15.6644471,62.50394835
MSppaaa,365.0252002,-93.4055798,69.10699195
MSppaaaa,423.1644794,-116.3795074,67.81747465
MSppaap,280.8914006,-57.4313593,68.52647825
MSppap,207.6672281,24.8148889,61.26798505
MSppapa,263.618712,-43.3163787,71.86785995
MSppapaa,336.1553364,-76.7734267,74.53305485
MSppapp,233.311506,-16.0451639,72.51135255
MSppp,299.8521578,83.6204119,46.01682005
MSpppa,216.8672237,39.325878,56.73404355
MSpppaa,217.9236209,-20.2003845,66.36082325
MSpppap,215.6995718,11.4249261,67.70207815
MSpppp,274.782719,66.553878,56.75290545
MSppppa,232.6009797,-1.2321006,74.02893885
MSppppp,246.1745771,28.7676527,72.88813805
P1,367.107676,103.2699474,54.68250065
P2,481.2446771,143.845797,52.66889055
P3,514.9441707,156.6450998,48.26383285
P4,372.112649,111.9273977,38.75540505
